Country Name,Country Code,Indicator Name,Indicator Code,2010,2011,2012,2013,2014,2015,2016,2017,2018,2019,2020,2021
Aruba,ABW,"Primary completion rate, total (% of relevant age group)",SE.PRM.CMPT.ZS,94.78610229,,,96.57064056,101.1805573,,,,,,,
Africa Eastern and Southern,AFE,"Primary completion rate, total (% of relevant age group)",SE.PRM.CMPT.ZS,69.55021667,68.32407379,68.03125763,67.65444946,67.59300995,67.21243286,67.47981262,68.66490173,70.19766235,70.91327667,71.96916199,
Afghanistan,AFG,"Primary completion rate, total (% of relevant age group)",SE.PRM.CMPT.ZS,,,,,,,80.49504089,84.41494751,85.62532806,84.33058929,,
Africa Western and Central,AFW,"Primary completion rate, total (% of relevant age group)",SE.PRM.CMPT.ZS,65.55570984,66.93540192,67.88330841,68.34757233,68.77300262,69.78014374,70.48970795,70.09776306,70.11239624,70.06506348,70.15052795,
Angola,AGO,"Primary completion rate, total (% of relevant age group)",SE.PRM.CMPT.ZS,39.80720901,46.18714905,,,,,,,,,,
Albania,ALB,"Primary completion rate, total (% of relevant age group)",SE.PRM.CMPT.ZS,88.83624268,92.98265839,98.67212677,89.53917694,100.9847183,98.86158752,99.88155365,101.9837036,101.5378571,103.3227463,100.7324066,98.15583038
Andorra,AND,"Primary completion rate, total (% of relevant age group)",SE.PRM.CMPT.ZS,,,,,,,,,,,,
Arab World,ARB,"Primary completion rate, total (% of relevant age group)",SE.PRM.CMPT.ZS,84.36582947,85.1756897,87.03526306,85.06060791,85.99447632,84.90123749,84.35169983,84.50276947,85.41745758,86.53775024,87.33512115,
United Arab Emirates,ARE,"Primary completion rate, total (% of relevant age group)",SE.PRM.CMPT.ZS,,,93.94155884,95.68698883,99.14914703,103.5202026,,,,111.9388199,104.7111969,
Argentina,ARG,"Primary completion rate, total (% of relevant age group)",SE.PRM.CMPT.ZS,103.5674133,103.8877106,103.3522491,101.6450119,103.1064377,102.9737396,103.8935699,99.96276093,98.70625305,98.54724121,101.3452072,
Armenia,ARM,"Primary completion rate, total (% of relevant age group)",SE.PRM.CMPT.ZS,94.49523163,93.80896759,93.8516922,,96.65222931,94.59063721,90.7516098,91.98770905,89.87895966,93.13851929,93.16529083,91.81968689
American Samoa,ASM,"Primary completion rate, total (% of relevant age group)",SE.PRM.CMPT.ZS,,,,,,,,,,,,
Antigua and Barbuda,ATG,"Primary completion rate, total (% of relevant age group)",SE.PRM.CMPT.ZS,106.6099472,103.6769485,,108.1081085,111.150322,92.55548096,93.58789825,98.18578339,96.19882965,99.48415375,,
Australia,AUS,"Primary completion rate, total (% of relevant age group)",SE.PRM.CMPT.ZS,,,,,,,,,,,,
Austria,AUT,"Primary completion rate, total (% of relevant age group)",SE.PRM.CMPT.ZS,,96.77201843,96.69371796,97.60601044,98.69184875,100.3737869,99.65672302,99.45317841,99.81300354,99.40850067,99.66526031,
Azerbaijan,AZE,"Primary completion rate, total (% of relevant age group)",SE.PRM.CMPT.ZS,89.51445007,92.80683136,91.99118805,88.08940887,98.12570953,103.2802124,111.3019104,107.1721725,100.2199478,100.3833389,99.51779938,94.32929993
Burundi,BDI,"Primary completion rate, total (% of relevant age group)",SE.PRM.CMPT.ZS,51.54841995,56.37577057,62.99792099,70.719841,69.56655884,64.53968048,67.67450714,68.37870026,63.02138901,59.37641907,52.94527054,52.94527054
Belgium,BEL,"Primary completion rate, total (% of relevant age group)",SE.PRM.CMPT.ZS,,,,,,,,,,,,
Benin,BEN,"Primary completion rate, total (% of relevant age group)",SE.PRM.CMPT.ZS,66.71160889,71.6880188,73.04107666,78.60559845,79.45439911,81.14032745,80.74555969,,,64.43959808,62.42148972,73.47045135
Burkina Faso,BFA,"Primary completion rate, total (% of relevant age group)",SE.PRM.CMPT.ZS,47.05522156,53.66107178,57.36603165,62.34405136,60.84949875,62.02980042,61.72433853,63.51921844,65.47892761,64.54945374,64.88916779,66.96781158
Bangladesh,BGD,"Primary completion rate, total (% of relevant age group)",SE.PRM.CMPT.ZS,67.83219147,112.357872,,,,,,,,,,121.9175262
Bulgaria,BGR,"Primary completion rate, total (% of relevant age group)",SE.PRM.CMPT.ZS,113.3395615,110.2010422,101.8105621,98.95879364,97.95253754,96.19129181,92.04534149,89.81646729,86.6185379,84.97651672,87.87634277,
Bahrain,BHR,"Primary completion rate, total (% of relevant age group)",SE.PRM.CMPT.ZS,,89.47138214,93.22641754,94.48236847,96.6472168,98.74027252,99.51364899,99.45120239,97.87412262,100.241188,,
"Bahamas, The",BHS,"Primary completion rate, total (% of relevant age group)",SE.PRM.CMPT.ZS,,,,,,,,,,,,
Bosnia and Herzegovina,BIH,"Primary completion rate, total (% of relevant age group)",SE.PRM.CMPT.ZS,,74.04312897,76.02568817,79.58563232,93.2427597,101.4054565,93.79035187,89.0358963,85.42336273,,,
Belarus,BLR,"Primary completion rate, total (% of relevant age group)",SE.PRM.CMPT.ZS,106.9727173,107.9056778,104.0764618,100.2649384,98.66790771,96.76220703,96.86775208,101.6810074,104.6179123,108.7617416,98.55618286,93.63146973
Belize,BLZ,"Primary completion rate, total (% of relevant age group)",SE.PRM.CMPT.ZS,100.7418976,103.9519577,108.0577164,101.6987762,102.061203,104.2317963,105.3376236,102.6097107,104.4744797,102.8469315,104.4562302,106.7412796
Bermuda,BMU,"Primary completion rate, total (% of relevant age group)",SE.PRM.CMPT.ZS,103.2092438,95.56136322,94.80692291,98.23609161,88.95027924,91.57302856,,,,,,
Bolivia,BOL,"Primary completion rate, total (% of relevant age group)",SE.PRM.CMPT.ZS,97.25595856,96.88192749,97.44641876,94.44821167,90.71195984,88.83914185,89.91242981,91.61031342,94.83978271,91.60414886,92.88169098,
Brazil,BRA,"Primary completion rate, total (% of relevant age group)",SE.PRM.CMPT.ZS,,,,,,,,,,,,
Barbados,BRB,"Primary completion rate, total (% of relevant age group)",SE.PRM.CMPT.ZS,95.61657715,98.1675415,,,,,,,88.74687195,90.09367371,96.04075623,98.47075653
Brunei Darussalam,BRN,"Primary completion rate, total (% of relevant age group)",SE.PRM.CMPT.ZS,105.3398743,110.9343948,107.0699844,106.1239319,100.1175461,102.172287,107.3572388,107.4272232,107.8014221,100.0980072,104.9582825,
Bhutan,BTN,"Primary completion rate, total (% of relevant age group)",SE.PRM.CMPT.ZS,87.09592438,89.05036163,98.97335052,96.63999176,96.23844147,96.588974,100.6621628,100.029129,88.1620636,76.99398041,82.07419586,89.84010315
Botswana,BWA,"Primary completion rate, total (% of relevant age group)",SE.PRM.CMPT.ZS,,,101.2084198,100.661171,,94.55426788,,,,,,
Central African Republic,CAF,"Primary completion rate, total (% of relevant age group)",SE.PRM.CMPT.ZS,39.22779846,40.87232971,42.82416153,,,,40.8741684,54.70602036,,,,
Canada,CAN,"Primary completion rate, total (% of relevant age group)",SE.PRM.CMPT.ZS,,,,,,,,,,,,
Central Europe and the Baltics,CEB,"Primary completion rate, total (% of relevant age group)",SE.PRM.CMPT.ZS,97.24108887,97.70146942,96.79386139,97.31368256,97.12010193,97.94967651,97.44618988,98.57182312,93.07649994,93.44750214,93.83770752,
Switzerland,CHE,"Primary completion rate, total (% of relevant age group)",SE.PRM.CMPT.ZS,96.19563293,96.65714264,97.4105072,96.85575104,95.57646179,95.77346802,96.82687378,97.15868378,96.21008301,96.36173248,99.57124329,
Channel Islands,CHI,"Primary completion rate, total (% of relevant age group)",SE.PRM.CMPT.ZS,,,,,,,,,,,,
Chile,CHL,"Primary completion rate, total (% of relevant age group)",SE.PRM.CMPT.ZS,,95.71444702,98.82016754,98.69904327,98.90055847,96.97695923,95.48255157,94.75356293,96.24210358,98.24701691,101.4751129,
China,CHN,"Primary completion rate, total (% of relevant age group)",SE.PRM.CMPT.ZS,,,,,,,,,,,,
Cote d'Ivoire,CIV,"Primary completion rate, total (% of relevant age group)",SE.PRM.CMPT.ZS,,53.17802811,54.47447968,53.29364014,54.86824036,60.44213104,64.16320801,71.59989929,74.60257721,78.75084686,81.43595886,83.61065674
Cameroon,CMR,"Primary completion rate, total (% of relevant age group)",SE.PRM.CMPT.ZS,71.67993164,70.71424866,74.24182129,,72.77977753,74.17043304,73.39318848,68.21424103,64.47068024,65.49803925,,
"Congo, Dem. Rep.",COD,"Primary completion rate, total (% of relevant age group)",SE.PRM.CMPT.ZS,63.64162064,65.57299042,70.90409088,69.77172852,67.68039703,69.91117096,,,,,81.24053955,
"Congo, Rep.",COG,"Primary completion rate, total (% of relevant age group)",SE.PRM.CMPT.ZS,68.4287262,74.98303223,71.60604095,,,71.11393738,,,67.07707977,,,
Colombia,COL,"Primary completion rate, total (% of relevant age group)",SE.PRM.CMPT.ZS,116.9559937,115.3100204,109.6682205,99.79444122,99.24220276,100.0330505,101.7112503,105.9868011,106.7693863,106.7657318,103.7517471,
Comoros,COM,"Primary completion rate, total (% of relevant age group)",SE.PRM.CMPT.ZS,,,,74.69879913,77.67991638,,68.48216248,76.72007751,,,,
Cabo Verde,CPV,"Primary completion rate, total (% of relevant age group)",SE.PRM.CMPT.ZS,101.1008224,96.2914505,97.75907898,92.35906219,94.72225189,95.21536255,91.0370636,87.40142059,87.29020691,99.99017334,,
Costa Rica,CRI,"Primary completion rate, total (% of relevant age group)",SE.PRM.CMPT.ZS,99.32607269,104.3604507,102.4104004,98.64965057,98.42607117,99.58660126,97.32090759,96.77837372,98.59436798,102.7380524,104.5921402,104.6601639
Caribbean small states,CSS,"Primary completion rate, total (% of relevant age group)",SE.PRM.CMPT.ZS,91.11234283,91.94960022,92.44611359,92.03881836,,,,,,,,
Cuba,CUB,"Primary completion rate, total (% of relevant age group)",SE.PRM.CMPT.ZS,94.98464966,95.78063202,94.92070007,93.86077118,98.09442902,97.07624054,92.8256073,89.52381897,84.13140869,86.53215027,95.30088043,100.3936996
Curacao,CUW,"Primary completion rate, total (% of relevant age group)",SE.PRM.CMPT.ZS,,,,,,,,,,,,
Cayman Islands,CYM,"Primary completion rate, total (% of relevant age group)",SE.PRM.CMPT.ZS,,101.6616287,100,92.63455963,,,,,89.55223846,,,
Cyprus,CYP,"Primary completion rate, total (% of relevant age group)",SE.PRM.CMPT.ZS,99.31649017,101.7331009,100.0641403,98.3320694,99.82537842,96.81906128,98.46739197,101.2697296,101.8767014,102.5455017,100.3684998,
Czechia,CZE,"Primary completion rate, total (% of relevant age group)",SE.PRM.CMPT.ZS,106.4567795,103.75914,100.9904404,99.76103973,98.16072083,96.07079315,97.06746674,97.84403992,98.54006195,101.4376526,100.5519028,
Germany,DEU,"Primary completion rate, total (% of relevant age group)",SE.PRM.CMPT.ZS,102.0153503,101.5668793,98.65313721,98.39868927,97.28270721,98.91829681,97.93720245,98.80513763,100.8433228,99.01779938,98.56955719,
Djibouti,DJI,"Primary completion rate, total (% of relevant age group)",SE.PRM.CMPT.ZS,,50.78261948,,50.69831085,59.97706985,65.59613037,67.35250854,62.97631836,66.38028717,65.57845306,63.03197098,64.81249237
Dominica,DMA,"Primary completion rate, total (% of relevant age group)",SE.PRM.CMPT.ZS,77.03926849,86.68261719,97.30413055,96.42537689,100.8571396,105.9535828,113.9266968,,,,,101.8181763
Denmark,DNK,"Primary completion rate, total (% of relevant age group)",SE.PRM.CMPT.ZS,99.11992645,99.62966919,98.25849152,99.27841187,98.77497864,98.73802948,103.8826904,103.7763977,101.0366287,101.8970795,98.53518677,
Dominican Republic,DOM,"Primary completion rate, total (% of relevant age group)",SE.PRM.CMPT.ZS,92.69573975,93.07073975,93.52136993,94.2355423,95.26004791,99.52607727,99.15802765,95.32808685,93.1275177,93.30409241,96.31630707,87.98164368
Algeria,DZA,"Primary completion rate, total (% of relevant age group)",SE.PRM.CMPT.ZS,95.61699677,97.63629913,101.5528793,106.0316772,108.3915787,105.5467224,105.5900497,105.6367111,105.143959,101.3646317,103.6635284,
East Asia & Pacific (excluding high income),EAP,"Primary completion rate, total (% of relevant age group)",SE.PRM.CMPT.ZS,96.05271912,94.94611359,95.39259338,94.97219849,92.35984802,91.13136292,93.70748901,95.84575653,98.11190033,98.20847321,97.35095978,
Early-demographic dividend,EAR,"Primary completion rate, total (% of relevant age group)",SE.PRM.CMPT.ZS,89.37818909,89.31060791,90.96309662,91.66317749,92.90535736,92.92279053,93.33764648,92.20094299,91.99243927,92.15119171,93.6111908,
East Asia & Pacific,EAS,"Primary completion rate, total (% of relevant age group)",SE.PRM.CMPT.ZS,96.31022644,95.31835175,95.85349274,95.34999084,92.80580902,91.73787689,94.08821869,95.97754669,98.16062164,98.40151978,97.52583313,
Europe & Central Asia (excluding high income),ECA,"Primary completion rate, total (% of relevant age group)",SE.PRM.CMPT.ZS,97.99706268,99.11949158,98.30403137,98.14904022,98.13509369,98.91345215,106.489563,97.6186676,98.4889679,100.3696213,100.6910095,
Europe & Central Asia,ECS,"Primary completion rate, total (% of relevant age group)",SE.PRM.CMPT.ZS,97.86087799,98.45120239,97.82266235,97.74675751,97.65010071,98.42202759,101.8108826,97.69724274,97.610672,98.53308105,98.67086029,
Ecuador,ECU,"Primary completion rate, total (% of relevant age group)",SE.PRM.CMPT.ZS,103.1958313,106.9734573,108.2071304,108.6961594,112.2291412,106.4048386,103.5557404,105.4158478,104.4336777,101.4974976,100.6137466,
"Egypt, Arab Rep.",EGY,"Primary completion rate, total (% of relevant age group)",SE.PRM.CMPT.ZS,96.02799225,,,100.5301437,,,96.90644836,97.18955231,100.6852112,104.6092987,,
Euro area,EMU,"Primary completion rate, total (% of relevant age group)",SE.PRM.CMPT.ZS,97.34828186,97.18054199,96.51537323,96.28681183,96.21463013,96.98338318,96.16420746,96.41973877,96.45072174,96.02469635,96.44207001,
Eritrea,ERI,"Primary completion rate, total (% of relevant age group)",SE.PRM.CMPT.ZS,76.33065033,73.28090668,66.08583832,61.0422287,62.39591217,62.84111023,,64.18666077,60.27051163,55.57380295,,
Spain,ESP,"Primary completion rate, total (% of relevant age group)",SE.PRM.CMPT.ZS,96.78925323,96.15329742,99.32010651,99.21613312,100.1018982,103.3596802,101.2097321,100.5725479,98.52601624,97.44148254,98.90447998,
Estonia,EST,"Primary completion rate, total (% of relevant age group)",SE.PRM.CMPT.ZS,100.6342773,101.4313278,103.8179398,104.3208313,100.0924301,98.76663971,96.44262695,97.23143768,96.69463348,97.43179321,97.8786087,
Ethiopia,ETH,"Primary completion rate, total (% of relevant age group)",SE.PRM.CMPT.ZS,57.70273972,52.54763031,50.30796814,53.32957077,53.38832855,54.11090088,61.57915115,63.68955994,,67.74021149,68.08428955,67.41915131
European Union,EUU,"Primary completion rate, total (% of relevant age group)",SE.PRM.CMPT.ZS,97.92282867,98.03130341,97.41693878,97.36602783,97.2360611,97.98119354,97.34049225,97.63845062,96.60308075,96.53427124,96.46234894,
Fragile and conflict affected situations,FCS,"Primary completion rate, total (% of relevant age group)",SE.PRM.CMPT.ZS,69.09780884,68.94902802,69.55254364,68.91340637,69.37680817,69.74674988,70.51233673,71.05896759,71.83757019,72.23213959,72.80283356,
Finland,FIN,"Primary completion rate, total (% of relevant age group)",SE.PRM.CMPT.ZS,98.62905121,98.20484161,100.0309677,99.63838196,98.88854218,99.03192139,100.8849716,101.4983215,100.3738098,100.9760818,99.03176117,
Fiji,FJI,"Primary completion rate, total (% of relevant age group)",SE.PRM.CMPT.ZS,,104.667778,106.2605286,106.8719788,108.1587219,113.1848297,106.7249451,107.1428604,107.0982819,108.8697662,107.3276138,117.0135193
France,FRA,"Primary completion rate, total (% of relevant age group)",SE.PRM.CMPT.ZS,,,,,,,,,,,,
Faroe Islands,FRO,"Primary completion rate, total (% of relevant age group)",SE.PRM.CMPT.ZS,,,,,,,,,,,,
"Micronesia, Fed. Sts.",FSM,"Primary completion rate, total (% of relevant age group)",SE.PRM.CMPT.ZS,,,,93.42160034,95.54247284,94.63829803,94.37819672,86.59312439,90.64748383,87.52633667,79.39572144,88.43566132
Gabon,GAB,"Primary completion rate, total (% of relevant age group)",SE.PRM.CMPT.ZS,,,,,,,,,,78.42915344,,
United Kingdom,GBR,"Primary completion rate, total (% of relevant age group)",SE.PRM.CMPT.ZS,,,,,,102.010498,100.8825531,100.1228638,100.5974579,101.5946884,99.43340302,
Georgia,GEO,"Primary completion rate, total (% of relevant age group)",SE.PRM.CMPT.ZS,106.4736633,,101.4368134,104.25811,103.5047379,102.9413834,115.4339523,113.7015991,95.50823212,92.82787323,93.53005219,90.71907806
Ghana,GHA,"Primary completion rate, total (% of relevant age group)",SE.PRM.CMPT.ZS,,88.06565094,93.86432648,94.82469177,93.65453339,98.75621796,,94.72445679,93.80911255,,,
Gibraltar,GIB,"Primary completion rate, total (% of relevant age group)",SE.PRM.CMPT.ZS,,,,,,,94.68084717,92.25805664,,100.218338,105.9471436,117.5946503
Guinea,GIN,"Primary completion rate, total (% of relevant age group)",SE.PRM.CMPT.ZS,56.91796112,59.05986023,60.10137939,60.8259201,62.25954056,60.2975502,59.66736984,53.24325943,54.77412033,55.26079941,59.35110855,
"Gambia, The",GMB,"Primary completion rate, total (% of relevant age group)",SE.PRM.CMPT.ZS,67.10289001,63.97330856,65.6831131,66.41799927,66.99941254,67.47250366,69.27261353,72.04599762,74.71024323,78.94251251,82.26425171,85.16638184
Guinea-Bissau,GNB,"Primary completion rate, total (% of relevant age group)",SE.PRM.CMPT.ZS,65.14251709,,,,,,,,,,,
Equatorial Guinea,GNQ,"Primary completion rate, total (% of relevant age group)",SE.PRM.CMPT.ZS,44.38116074,42.45682144,44.01268005,,,40.77592087,,,,,,
Greece,GRC,"Primary completion rate, total (% of relevant age group)",SE.PRM.CMPT.ZS,95.31909943,93.1533432,96.98412323,95.35900879,95.57611084,97.3575592,97.33734131,96.76635742,97.93238068,96.35045624,100.6033173,
Grenada,GRD,"Primary completion rate, total (% of relevant age group)",SE.PRM.CMPT.ZS,123.122963,,,108.7554703,104.6435623,128.2344971,,120.9955292,123.0012283,,,
Greenland,GRL,"Primary completion rate, total (% of relevant age group)",SE.PRM.CMPT.ZS,,,,,,,,,,,,
Guatemala,GTM,"Primary completion rate, total (% of relevant age group)",SE.PRM.CMPT.ZS,83.62596893,85.79241943,84.75212097,84.86328888,84.669487,82.71166992,79.13230896,79.94132996,79.69037628,79.13033295,80.73668671,87.23227692
Guam,GUM,"Primary completion rate, total (% of relevant age group)",SE.PRM.CMPT.ZS,,,,,,,,,,,,
Guyana,GUY,"Primary completion rate, total (% of relevant age group)",SE.PRM.CMPT.ZS,92.71179199,97.63735199,97.37593842,,,,,,,,,
High income,HIC,"Primary completion rate, total (% of relevant age group)",SE.PRM.CMPT.ZS,98.64411926,98.83316803,99.24485016,99.06440735,99.18025208,99.16358185,98.53607178,98.39051056,98.25095367,98.69062805,98.79612732,
"Hong Kong SAR, China",HKG,"Primary completion rate, total (% of relevant age group)",SE.PRM.CMPT.ZS,,,100.7627029,99.07839966,102.2678299,105.0824966,104.1517029,103.1136627,104.4942322,106.7327499,105.4181976,100.7453003
Honduras,HND,"Primary completion rate, total (% of relevant age group)",SE.PRM.CMPT.ZS,84.94979095,87.47505188,86.82106781,80.90408325,77.19140625,,,,,,,
Heavily indebted poor countries (HIPC),HPC,"Primary completion rate, total (% of relevant age group)",SE.PRM.CMPT.ZS,65.86257172,65.48107147,65.78688812,65.65190887,65.75327301,65.88040161,66.64356232,67.59024048,68.90068054,69.32652283,70.21720123,
Croatia,HRV,"Primary completion rate, total (% of relevant age group)",SE.PRM.CMPT.ZS,91.27275848,93.08901215,92.74301147,94.96452332,97.93856049,103.4840393,101.0199966,95.54715729,94.84780884,94.53153992,95.74845123,
Haiti,HTI,"Primary completion rate, total (% of relevant age group)",SE.PRM.CMPT.ZS,,,,,,,,,,,,
Hungary,HUN,"Primary completion rate, total (% of relevant age group)",SE.PRM.CMPT.ZS,97.10366058,98.72741699,97.53672791,97.71341705,96.46964264,96.9503479,98.59475708,105.0500336,98.84925079,95.60597229,94.42460632,
IBRD only,IBD,"Primary completion rate, total (% of relevant age group)",SE.PRM.CMPT.ZS,95.59963226,94.78520203,95.57711792,95.93617249,95.39756012,94.75502777,95.65524292,95.1364212,95.01238251,95.32019043,96.1567688,
IDA & IBRD total,IBT,"Primary completion rate, total (% of relevant age group)",SE.PRM.CMPT.ZS,87.71903229,87.24211884,88.03471375,88.13063812,87.87032318,87.50932312,88.28916931,88.20825958,88.54972839,88.81331635,89.41259766,
IDA total,IDA,"Primary completion rate, total (% of relevant age group)",SE.PRM.CMPT.ZS,69.98555756,70.6251297,71.81356049,71.66545105,72.27631378,72.72528076,73.49732971,74.4814682,75.90753174,76.28648376,76.65873718,
IDA blend,IDB,"Primary completion rate, total (% of relevant age group)",SE.PRM.CMPT.ZS,72.47644806,71.95210266,73.50227356,73.92845917,74.38278961,74.63635254,75.01538086,75.52060699,77.13493347,77.89180756,77.9258728,
Indonesia,IDN,"Primary completion rate, total (% of relevant age group)",SE.PRM.CMPT.ZS,100.5890884,,103.098259,101.1456299,103.4515305,,,100.8259201,102.3348389,,,
IDA only,IDX,"Primary completion rate, total (% of relevant age group)",SE.PRM.CMPT.ZS,68.74893951,69.96814728,70.97705078,70.54315186,71.22794342,71.76941681,72.73400879,73.95632172,75.28414154,75.46788788,76.01110077,
Isle of Man,IMN,"Primary completion rate, total (% of relevant age group)",SE.PRM.CMPT.ZS,,,,,,,,,,,,
India,IND,"Primary completion rate, total (% of relevant age group)",SE.PRM.CMPT.ZS,,92.76335907,,96.20088959,97.57112122,97.71131897,96.23069763,94.37374878,,91.66149139,94.55913544,97.3657074
Not classified,INX,"Primary completion rate, total (% of relevant age group)",SE.PRM.CMPT.ZS,,,,,,,,,,,,
Ireland,IRL,"Primary completion rate, total (% of relevant age group)",SE.PRM.CMPT.ZS,,,,97.81537628,99.83773041,98.70777893,99.69187927,98.28806305,97.32833862,100.6323166,98.9764328,
"Iran, Islamic Rep.",IRN,"Primary completion rate, total (% of relevant age group)",SE.PRM.CMPT.ZS,99.45252991,98.78840637,97.20738983,,,98.30149841,100.2643814,99.43878937,,100.2582321,101.0606766,
Iraq,IRQ,"Primary completion rate, total (% of relevant age group)",SE.PRM.CMPT.ZS,,,,,,,,,,,,
Iceland,ISL,"Primary completion rate, total (% of relevant age group)",SE.PRM.CMPT.ZS,98.02002716,99.86000824,98.16384125,102.4735031,98.06101227,96.57388306,99.95250702,101.8414917,99.20509338,100.9760437,99.37201691,
Israel,ISR,"Primary completion rate, total (% of relevant age group)",SE.PRM.CMPT.ZS,102.8270798,102.1188812,107.0847092,102.8544083,103.6381989,110.0570297,103.5787506,105.5579681,102.4397507,101.9708328,107.2998886,
Italy,ITA,"Primary completion rate, total (% of relevant age group)",SE.PRM.CMPT.ZS,104.2058029,105.3638611,101.4161911,100.3593292,100.1127396,99.80954742,97.74971008,98.81697845,97.64672089,97.63696289,97.55294037,
Jamaica,JAM,"Primary completion rate, total (% of relevant age group)",SE.PRM.CMPT.ZS,,,,81.38192749,79.51925659,79.25955963,79.69506836,80.92993927,78.89025879,76.91970062,,
Jordan,JOR,"Primary completion rate, total (% of relevant age group)",SE.PRM.CMPT.ZS,,77.24938965,,73.82997131,75.16387177,,72.06588745,71.33763885,72.70050812,81.67272186,81.60356903,80.7191391
Japan,JPN,"Primary completion rate, total (% of relevant age group)",SE.PRM.CMPT.ZS,,,,,,,,,,,,
Kazakhstan,KAZ,"Primary completion rate, total (% of relevant age group)",SE.PRM.CMPT.ZS,107.4487915,114.1405869,107.5192795,109.3172607,115.1543884,114.2725296,110.2985764,109.6560974,110.3839035,106.3773499,102.0028,
Kenya,KEN,"Primary completion rate, total (% of relevant age group)",SE.PRM.CMPT.ZS,,,,,97.2009964,99.1434021,99.67874146,,,,,
Kyrgyz Republic,KGZ,"Primary completion rate, total (% of relevant age group)",SE.PRM.CMPT.ZS,97.05922699,95.32794189,95.74697876,99.34651184,102.2726593,108.2003632,101.7858734,101.5568695,104.5162888,108.6153717,108.1418076,102.401001
Cambodia,KHM,"Primary completion rate, total (% of relevant age group)",SE.PRM.CMPT.ZS,85.17900085,86.18846893,91.04559326,93.69995117,96.09381104,92.95610809,89.05469513,86.74182129,84.67589569,86.71127319,91.9995575,90.6848526
Kiribati,KIR,"Primary completion rate, total (% of relevant age group)",SE.PRM.CMPT.ZS,,,,,113.1809311,93.8881073,100.8695679,,,,93.43039703,
St. Kitts and Nevis,KNA,"Primary completion rate, total (% of relevant age group)",SE.PRM.CMPT.ZS,102.0310593,108.716713,110.3491287,109.0909119,101.9710922,107.9514771,98.08482361,,,,,120.7920837
"Korea, Rep.",KOR,"Primary completion rate, total (% of relevant age group)",SE.PRM.CMPT.ZS,101.1586685,102.9780807,109.6997681,103.1858978,96.15531921,101.4107971,98.01557159,91.3551178,95.37677002,105.2397308,99.72099304,
Kuwait,KWT,"Primary completion rate, total (% of relevant age group)",SE.PRM.CMPT.ZS,97.4594574,98.99492645,97.88350677,100,,,100.5790024,95.37188721,91.81941223,84.59255981,83.89556122,79.35357666
Latin America & Caribbean (excluding high income),LAC,"Primary completion rate, total (% of relevant age group)",SE.PRM.CMPT.ZS,100.2976532,100.449379,101.0307617,100.8376465,101.2744522,99.94110107,99.87088776,99.53897095,98.9369812,98.98342896,99.76486969,
Lao PDR,LAO,"Primary completion rate, total (% of relevant age group)",SE.PRM.CMPT.ZS,85.67514038,91.37177277,95.03047943,99.32383728,100.7859344,101.0114212,99.73226929,101.3968658,97.89003754,92.16832733,89.02875519,88.19730377
Lebanon,LBN,"Primary completion rate, total (% of relevant age group)",SE.PRM.CMPT.ZS,,,,,,,,,,,,
Liberia,LBR,"Primary completion rate, total (% of relevant age group)",SE.PRM.CMPT.ZS,,66.84977722,,,60.00973129,,,60.59540176,,,,
Libya,LBY,"Primary completion rate, total (% of relevant age group)",SE.PRM.CMPT.ZS,,,,,,,,,,,,
St. Lucia,LCA,"Primary completion rate, total (% of relevant age group)",SE.PRM.CMPT.ZS,,,90.67288208,86.99272156,91.3311615,84.40228271,95.49050903,92.07717896,94.89362335,99.77935028,100.363472,
Latin America & Caribbean,LCN,"Primary completion rate, total (% of relevant age group)",SE.PRM.CMPT.ZS,99.83502197,100.0599594,100.7210617,100.5257568,100.9435806,99.63883209,99.41677094,98.97147369,98.47409821,98.55287933,99.35275269,
Least developed countries: UN classification,LDC,"Primary completion rate, total (% of relevant age group)",SE.PRM.CMPT.ZS,66.33596039,67.58255768,68.4292984,68.90515137,69.62490082,69.87689972,70.90692139,72.05003357,73.37197876,73.41500092,73.89952087,
Low income,LIC,"Primary completion rate, total (% of relevant age group)",SE.PRM.CMPT.ZS,63.8146019,63.30170822,63.77518845,62.55920029,63.25202942,63.46347046,64.66842651,65.56799316,66.92262268,67.66123199,68.43073273,
Liechtenstein,LIE,"Primary completion rate, total (% of relevant age group)",SE.PRM.CMPT.ZS,111.053978,100.742569,102.2388077,,92.24806213,105.7471313,100.2518921,90.43927765,107.3298416,94.45909882,104.371582,
Sri Lanka,LKA,"Primary completion rate, total (% of relevant age group)",SE.PRM.CMPT.ZS,98.9121933,100.1320724,97.25627899,98.31141663,98.10511017,99.0514679,101.1092682,102.3903809,,99.2629776,98.24330902,
Lower middle income,LMC,"Primary completion rate, total (% of relevant age group)",SE.PRM.CMPT.ZS,87.75318909,87.91539764,89.43244171,90.25714874,91.3526001,91.54788208,91.1088028,90.75901031,90.63108826,90.44486237,91.58442688,
Low & middle income,LMY,"Primary completion rate, total (% of relevant age group)",SE.PRM.CMPT.ZS,87.66362,87.16493988,87.95256042,88.04857635,87.79329681,87.42739105,88.22383118,88.14763641,88.52185059,88.78315735,89.39433289,
Lesotho,LSO,"Primary completion rate, total (% of relevant age group)",SE.PRM.CMPT.ZS,86.99314117,85.57064819,83.27728271,82.98184967,82.23049164,81.75554657,85.62885284,,101.5566635,90.69060516,,
Late-demographic dividend,LTE,"Primary completion rate, total (% of relevant age group)",SE.PRM.CMPT.ZS,97.39270782,96.02706146,95.94937134,95.44972229,92.41046906,91.17584229,93.38773346,95.60028076,97.02747345,98.13392639,97.49597931,
Lithuania,LTU,"Primary completion rate, total (% of relevant age group)",SE.PRM.CMPT.ZS,99.36398315,99.0966568,101.1034927,101.3880005,100.7501678,100.7350235,101.8899765,102.0011597,104.2855988,104.2602692,103.6344833,
Luxembourg,LUX,"Primary completion rate, total (% of relevant age group)",SE.PRM.CMPT.ZS,84.28455353,84.368927,85.849823,82.23399353,79.67519379,79.15052032,79.07543182,80.28713989,79.64601898,82.21827698,84.04065704,
Latvia,LVA,"Primary completion rate, total (% of relevant age group)",SE.PRM.CMPT.ZS,102.1927567,99.76600647,98.53286743,99.41632843,100.3578415,100.0109482,98.06009674,99.31181335,98.3991394,98.30753326,98.32875824,
"Macao SAR, China",MAC,"Primary completion rate, total (% of relevant age group)",SE.PRM.CMPT.ZS,92.48989868,93.0426178,94.08878326,90.11975861,93.26970673,93.86437225,98.2186203,100.9514313,101.0805664,103.8342209,103.1875,100.6617432
St. Martin (French part),MAF,"Primary completion rate, total (% of relevant age group)",SE.PRM.CMPT.ZS,,,,,,,,,,,,
Morocco,MAR,"Primary completion rate, total (% of relevant age group)",SE.PRM.CMPT.ZS,85.32665253,89.36157227,98.01963043,96.02310181,96.30815887,96.25771332,95.04203796,92.92952728,93.59745789,97.13572693,100.0881195,104.0223694
Monaco,MCO,"Primary completion rate, total (% of relevant age group)",SE.PRM.CMPT.ZS,,,,,,,,,,,,
Moldova,MDA,"Primary completion rate, total (% of relevant age group)",SE.PRM.CMPT.ZS,,,,,109.1433563,107.1028595,106.4890213,107.1186523,101.6021194,102.2195587,103.8562012,107.4666824
Madagascar,MDG,"Primary completion rate, total (% of relevant age group)",SE.PRM.CMPT.ZS,70.37521362,70.69732666,69.12863159,67.96189117,68.19869995,68.65421295,67.57843018,67.00713348,65.46877289,63.27682114,,
Maldives,MDV,"Primary completion rate, total (% of relevant age group)",SE.PRM.CMPT.ZS,115.6658401,109.7818604,99.51673889,94.71530151,102.3683701,103.6910019,106.9580612,97.35546112,93.17411804,91.66667175,,
Middle East & North Africa,MEA,"Primary completion rate, total (% of relevant age group)",SE.PRM.CMPT.ZS,90.59873199,91.54460144,93.5742569,91.53968048,92.64727783,91.58782959,91.10643768,90.95591736,91.48332214,92.72286987,93.72573853,
Mexico,MEX,"Primary completion rate, total (% of relevant age group)",SE.PRM.CMPT.ZS,100.2393875,100.1975327,106.0110092,109.4250412,110.5088425,104.9098206,103.9693909,104.0978394,102.2558899,102.465538,102.6626282,
Marshall Islands,MHL,"Primary completion rate, total (% of relevant age group)",SE.PRM.CMPT.ZS,,86.86652374,,,,,70.85459137,,,77.29624939,71.69811249,71.93443298
Middle income,MIC,"Primary completion rate, total (% of relevant age group)",SE.PRM.CMPT.ZS,91.06359863,90.66474152,91.5965271,91.97891235,91.65897369,91.27435303,92.07556152,91.90016937,92.1665802,92.40936279,93.06098175,
North Macedonia,MKD,"Primary completion rate, total (% of relevant age group)",SE.PRM.CMPT.ZS,,,,89.72982025,90.13024139,91.28556824,,91.1078186,93.41673279,92.83370209,94.8300705,
Mali,MLI,"Primary completion rate, total (% of relevant age group)",SE.PRM.CMPT.ZS,57.5708313,58.27114868,54.55112839,54.25202942,53.20568848,50.92628098,51.04618073,49.61439133,,,,
Malta,MLT,"Primary completion rate, total (% of relevant age group)",SE.PRM.CMPT.ZS,99.79792786,101.1935425,94.63768005,97.98256683,102.6799393,100.2057114,101.8052368,101.9341888,103.5776367,108.3026276,109.0223694,
Myanmar,MMR,"Primary completion rate, total (% of relevant age group)",SE.PRM.CMPT.ZS,84.92346954,,,,,,,,95.39961243,,,
Middle East & North Africa (excluding high income),MNA,"Primary completion rate, total (% of relevant age group)",SE.PRM.CMPT.ZS,89.45950317,90.4224472,92.17353058,89.67899323,89.99198151,89.66924286,89.59319305,89.34996796,90.53469849,91.9911499,92.89875031,
Montenegro,MNE,"Primary completion rate, total (% of relevant age group)",SE.PRM.CMPT.ZS,,75.98499298,99.59789276,,,94.31934357,90.39073181,90.26088715,94.47805786,97.40717316,103.7836533,101.1141281
Mongolia,MNG,"Primary completion rate, total (% of relevant age group)",SE.PRM.CMPT.ZS,,,,,,98.12661743,92.98888397,91.50344086,101.7758713,107.4723816,107.7452545,96.64516449
Northern Mariana Islands,MNP,"Primary completion rate, total (% of relevant age group)",SE.PRM.CMPT.ZS,,,,,,,,,,,,
Mozambique,MOZ,"Primary completion rate, total (% of relevant age group)",SE.PRM.CMPT.ZS,58.99485016,54.87825012,52.04405975,49.54563141,48.80899811,48.95317841,,47.14291,51.98764038,54.7286911,58.184021,
Mauritania,MRT,"Primary completion rate, total (% of relevant age group)",SE.PRM.CMPT.ZS,,,70.43614197,72.62330627,69.68058777,70.39259338,,69.71430969,76.05602264,72.909729,,
Mauritius,MUS,"Primary completion rate, total (% of relevant age group)",SE.PRM.CMPT.ZS,99.26860809,98.42845154,95.62267303,97.34062195,96.91483307,100.4805603,101.0686569,98.20008087,100.7911835,98.51373291,96.37744141,96.37744141
Malawi,MWI,"Primary completion rate, total (% of relevant age group)",SE.PRM.CMPT.ZS,69.20667267,71.60990143,74.80017853,80.04418945,80.00206757,,,,,80.34858704,,
Malaysia,MYS,"Primary completion rate, total (% of relevant age group)",SE.PRM.CMPT.ZS,97.25932312,99.98244476,106.728363,102.8557663,102.2998428,101.7599869,100.008812,99.49160004,99.36346436,100.6573639,104.6396713,
North America,NAC,"Primary completion rate, total (% of relevant age group)",SE.PRM.CMPT.ZS,99.23040771,99.16320801,99.09559631,99.02570343,98.9552002,98.88751221,98.81793976,98.74645233,99.89868164,100.2595825,100.6517029,
Namibia,NAM,"Primary completion rate, total (% of relevant age group)",SE.PRM.CMPT.ZS,84.51628113,,90.44270325,93.02004242,,96.72141266,97.18126678,85.36904907,94.08621979,93.3026123,97.77172089,109.6690598
New Caledonia,NCL,"Primary completion rate, total (% of relevant age group)",SE.PRM.CMPT.ZS,,,,,,,,,,,,
Niger,NER,"Primary completion rate, total (% of relevant age group)",SE.PRM.CMPT.ZS,39.68682098,44.36259079,47.7938118,47.71931076,57.60813904,68.10016632,71.62693787,62.90963364,,62.26213837,51.19453812,57.86463928
Nigeria,NGA,"Primary completion rate, total (% of relevant age group)",SE.PRM.CMPT.ZS,73.7924881,,,,,,,,,,,
Nicaragua,NIC,"Primary completion rate, total (% of relevant age group)",SE.PRM.CMPT.ZS,84.87586212,,,,,,,,,,,
Netherlands,NLD,"Primary completion rate, total (% of relevant age group)",SE.PRM.CMPT.ZS,,,,,,,,,,,,
Norway,NOR,"Primary completion rate, total (% of relevant age group)",SE.PRM.CMPT.ZS,99.36022186,97.66902161,99.76106262,101.0449219,98.25798798,97.96967316,100.8554306,101.0350189,99.123909,100.5062485,99.2576828,
Nepal,NPL,"Primary completion rate, total (% of relevant age group)",SE.PRM.CMPT.ZS,,,104.3140564,105.5447617,109.1984634,111.8308105,116.8021927,115.747261,,120.4473419,,103.6313095
Nauru,NRU,"Primary completion rate, total (% of relevant age group)",SE.PRM.CMPT.ZS,,,97.60765839,,118.4466019,,131.0185242,,,116.8776398,,
New Zealand,NZL,"Primary completion rate, total (% of relevant age group)",SE.PRM.CMPT.ZS,,,,,,,,,,,,
OECD members,OED,"Primary completion rate, total (% of relevant age group)",SE.PRM.CMPT.ZS,99.86213684,100.0068665,100.5634766,99.79759979,99.45384979,99.17642975,101.6174088,98.7644577,98.5942688,99.20458221,99.33078003,
Oman,OMN,"Primary completion rate, total (% of relevant age group)",SE.PRM.CMPT.ZS,,97.08152008,101.2116699,96.12754059,103.9574585,99.82885742,103.6480637,107.3640213,100.3571014,100.9126282,99.20173645,99.2078476
Other small states,OSS,"Primary completion rate, total (% of relevant age group)",SE.PRM.CMPT.ZS,81.5507431,81.64456177,82.67964935,83.04190063,83.16577911,83.94918823,84.71958923,84.72315216,85.25760651,85.42243958,85.69271851,
Pakistan,PAK,"Primary completion rate, total (% of relevant age group)",SE.PRM.CMPT.ZS,62.30638885,60.40692902,63.48620987,63.74631119,64.54271698,,64.95687103,,71.07129669,72.92545319,,
Panama,PAN,"Primary completion rate, total (% of relevant age group)",SE.PRM.CMPT.ZS,93.94219971,98.54006958,100.6354523,99.64926147,96.80075073,,,89.79547119,,,86.94606781,
Peru,PER,"Primary completion rate, total (% of relevant age group)",SE.PRM.CMPT.ZS,101.1632385,99.37333679,94.78259277,96.84059906,97.86360168,100.4050598,104.5288696,97.44566345,96.10073853,98.7053299,,116.2062225
Philippines,PHL,"Primary completion rate, total (% of relevant age group)",SE.PRM.CMPT.ZS,,,,,98.58690643,,103.134613,108.6775284,115.4368973,105.7552643,102.8146057,94.82428741
Palau,PLW,"Primary completion rate, total (% of relevant age group)",SE.PRM.CMPT.ZS,,,,112.6087036,100.4291763,,,,,,,101.6326523
Papua New Guinea,PNG,"Primary completion rate, total (% of relevant age group)",SE.PRM.CMPT.ZS,,,,,72.70092773,,77.12384796,,,,,
Poland,POL,"Primary completion rate, total (% of relevant age group)",SE.PRM.CMPT.ZS,93.47019196,93.63150024,94.65113068,96.64031982,96.91201782,100.0444031,101.7503586,106.2426987,94.33351898,95.02263641,,
Pre-demographic dividend,PRE,"Primary completion rate, total (% of relevant age group)",SE.PRM.CMPT.ZS,67.08461761,67.5245285,67.95317841,67.77050781,67.91538239,67.93057251,68.25263977,68.64630127,69.31755066,69.25193024,69.70471191,
Puerto Rico,PRI,"Primary completion rate, total (% of relevant age group)",SE.PRM.CMPT.ZS,,,,,,,,,,,,
"Korea, Dem. People's Rep.",PRK,"Primary completion rate, total (% of relevant age group)",SE.PRM.CMPT.ZS,,,,,,,,,,,,
Portugal,PRT,"Primary completion rate, total (% of relevant age group)",SE.PRM.CMPT.ZS,,,,,,,,,99.57019043,100.1251907,105.4502487,
Paraguay,PRY,"Primary completion rate, total (% of relevant age group)",SE.PRM.CMPT.ZS,91.68022919,88.78321838,88.03662109,88.70993805,91.05509186,88.35977936,87.18881226,,,,,
West Bank and Gaza,PSE,"Primary completion rate, total (% of relevant age group)",SE.PRM.CMPT.ZS,95.00283813,91.79595184,92.23401642,96.0062027,100.0549698,99.07182312,97.05693054,99.82543945,96.85253906,96.32247925,101.6411972,96.60415649
Pacific island small states,PSS,"Primary completion rate, total (% of relevant age group)",SE.PRM.CMPT.ZS,96.07843018,96.27467346,96.81289673,97.98013306,98.74993896,99.77088165,98.01087952,97.59674835,97.0271225,97.01290894,96.35453033,
Post-demographic dividend,PST,"Primary completion rate, total (% of relevant age group)",SE.PRM.CMPT.ZS,98.86177826,98.9468689,99.00650787,98.76470184,98.38709259,98.80310059,98.35978699,98.15750885,98.68315125,99.1869278,99.11543274,
French Polynesia,PYF,"Primary completion rate, total (% of relevant age group)",SE.PRM.CMPT.ZS,,,,,,,,,,,,
Qatar,QAT,"Primary completion rate, total (% of relevant age group)",SE.PRM.CMPT.ZS,,95.49075317,,96.381073,91.95511627,92.64425659,94.74804688,95.66954803,95.78588104,95.02079773,95.96623993,94.9597168
Romania,ROU,"Primary completion rate, total (% of relevant age group)",SE.PRM.CMPT.ZS,96.60372162,99.89517975,97.3431778,,,95.17481995,91.86003113,,85.22177124,85.28923035,85.29187012,
Russian Federation,RUS,"Primary completion rate, total (% of relevant age group)",SE.PRM.CMPT.ZS,,97.11335754,97.71768951,100.1080017,99.93402863,100.2978516,96.14292908,,101.9632111,105.225853,,
Rwanda,RWA,"Primary completion rate, total (% of relevant age group)",SE.PRM.CMPT.ZS,71.87429047,,71.16143036,69.14878082,62.99047089,63.35086823,69.06014252,78.19880676,86.54634857,97.40032959,,91.00105286
South Asia,SAS,"Primary completion rate, total (% of relevant age group)",SE.PRM.CMPT.ZS,87.38960266,86.95903778,89.01603699,90.6337738,92.09108734,92.46260071,91.89880371,91.26689911,90.04792786,90.21990967,92.23265839,
Saudi Arabia,SAU,"Primary completion rate, total (% of relevant age group)",SE.PRM.CMPT.ZS,,101.6527863,107.1598129,110.9642792,,,,103.3347397,96.70606232,96.22881317,99.32730865,104.875267
Sudan,SDN,"Primary completion rate, total (% of relevant age group)",SE.PRM.CMPT.ZS,61.11948013,,57.54983139,58.09366989,58.2490387,59.24304962,59.83707809,61.68764114,64.08550262,,,
Senegal,SEN,"Primary completion rate, total (% of relevant age group)",SE.PRM.CMPT.ZS,57.17406082,60.64987946,60.1409111,60.68394852,61.32249832,59.66014862,,,,61.20201111,60.54104996,62.98918915
Singapore,SGP,"Primary completion rate, total (% of relevant age group)",SE.PRM.CMPT.ZS,,,,,,,99.78926849,99.25823975,99.92182922,98.07794952,101.4013977,
Solomon Islands,SLB,"Primary completion rate, total (% of relevant age group)",SE.PRM.CMPT.ZS,84.89247131,85.55438995,85.07463074,85.7193985,86.54978943,88.05918884,88.32666016,87.99546814,86.78566742,85.69419861,,
Sierra Leone,SLE,"Primary completion rate, total (% of relevant age group)",SE.PRM.CMPT.ZS,,67.86105347,64.16042328,62.97579956,,59.79026031,68.33248901,70.19275665,81.78533936,83.21027374,87.19008636,98.01812744
El Salvador,SLV,"Primary completion rate, total (% of relevant age group)",SE.PRM.CMPT.ZS,99.73490143,103.3350067,103.4041138,101.834938,100.1043396,,,,,,,
San Marino,SMR,"Primary completion rate, total (% of relevant age group)",SE.PRM.CMPT.ZS,,,,,,,,,87.8628006,102.8901672,90.24389648,99.14286041
Somalia,SOM,"Primary completion rate, total (% of relevant age group)",SE.PRM.CMPT.ZS,,,,,,,,,,,,
Serbia,SRB,"Primary completion rate, total (% of relevant age group)",SE.PRM.CMPT.ZS,96.44892883,104.1276474,98.01016235,98.90995789,101.9012604,101.0108414,98.83048248,99.03386688,98.7212677,98.6684494,97.93856049,98.06678772
Sub-Saharan Africa (excluding high income),SSA,"Primary completion rate, total (% of relevant age group)",SE.PRM.CMPT.ZS,67.9473114,67.76413727,67.96965027,67.9318924,68.06758881,68.2505188,68.69843292,69.24456024,70.16130829,70.5667572,71.22675323,
South Sudan,SSD,"Primary completion rate, total (% of relevant age group)",SE.PRM.CMPT.ZS,,27.43708992,,,,21.47343636,,,,,,
Sub-Saharan Africa,SSF,"Primary completion rate, total (% of relevant age group)",SE.PRM.CMPT.ZS,67.94991302,67.76663971,67.97173309,67.93390656,68.06993103,68.25270081,68.70079803,69.24635315,70.16304016,70.56829834,71.22844696,
Small states,SST,"Primary completion rate, total (% of relevant age group)",SE.PRM.CMPT.ZS,84.44706726,84.65466309,85.50408936,85.73738098,85.86608887,86.50911713,86.95339203,86.7999115,87.17034149,87.26300812,87.47711945,
Sao Tome and Principe,STP,"Primary completion rate, total (% of relevant age group)",SE.PRM.CMPT.ZS,81.78463745,107.6342697,90.09963989,94.68756104,85.47091675,86.14948273,77.48246765,84.34609222,,,,
Suriname,SUR,"Primary completion rate, total (% of relevant age group)",SE.PRM.CMPT.ZS,87.05618286,86.43058777,86.74710846,85.93081665,89.10131836,89.56555176,88.04000092,85.34783936,85.14813232,85.86408234,90.32476807,80.37663269
Slovak Republic,SVK,"Primary completion rate, total (% of relevant age group)",SE.PRM.CMPT.ZS,99.06211853,96.09583282,93.18823242,94.59078217,96.30828857,95.96457672,92.44306183,91.90563202,92.17269135,95.22947693,98.34087372,
Slovenia,SVN,"Primary completion rate, total (% of relevant age group)",SE.PRM.CMPT.ZS,97.21166992,96.34835815,101.9722519,99.29289246,100.0733337,98.08544922,97.90014648,95.69824982,97.39997101,98.55384064,103.8800888,
Sweden,SWE,"Primary completion rate, total (% of relevant age group)",SE.PRM.CMPT.ZS,96.71507263,101.3979416,102.6794815,102.461853,101.0252991,103.7717667,105.2293091,105.3862762,104.1240463,105.0860825,104.6535873,
Eswatini,SWZ,"Primary completion rate, total (% of relevant age group)",SE.PRM.CMPT.ZS,83.22717285,83.8032074,84.69747162,86.04702759,84.54666138,89.14315033,95.14885712,95.81926727,94.48487091,88.59642792,,
Sint Maarten (Dutch part),SXM,"Primary completion rate, total (% of relevant age group)",SE.PRM.CMPT.ZS,,,92,,123.09198,,,,,,,
Seychelles,SYC,"Primary completion rate, total (% of relevant age group)",SE.PRM.CMPT.ZS,110.5182877,110.2386475,104.5665588,104.5771866,111.4109497,108.7547226,112.6462021,102.1970215,101.8531189,98.80000305,102.6797409,99.15857697
Syrian Arab Republic,SYR,"Primary completion rate, total (% of relevant age group)",SE.PRM.CMPT.ZS,103.3670502,106.9108963,113.6243134,72.29299164,,,,,,,,
Turks and Caicos Islands,TCA,"Primary completion rate, total (% of relevant age group)",SE.PRM.CMPT.ZS,,,,,60.39933395,53.73376465,,,129.401413,,,114.1199188
Chad,TCD,"Primary completion rate, total (% of relevant age group)",SE.PRM.CMPT.ZS,30.86058044,33.93759155,34.40066147,37.66218948,,37.49597168,41.32025909,37.92238998,40.56021881,,,44.5021019
East Asia & Pacific (IDA & IBRD countries),TEA,"Primary completion rate, total (% of relevant age group)",SE.PRM.CMPT.ZS,96.03546143,94.91371918,95.36608887,94.93994904,92.29142761,91.04653931,93.65912628,95.82672119,98.12188721,98.21929932,97.35134888,
Europe & Central Asia (IDA & IBRD countries),TEC,"Primary completion rate, total (% of relevant age group)",SE.PRM.CMPT.ZS,97.52464294,98.68228912,97.95535278,97.96025848,97.96681213,98.87851715,105.6029129,97.79194641,97.71723175,99.44706726,99.75395966,
Togo,TGO,"Primary completion rate, total (% of relevant age group)",SE.PRM.CMPT.ZS,70.35707855,71.91786957,75.12908173,78.34172821,84.20050049,,92.71514893,91.60781097,89.67256165,87.42386627,88.35926056,90.83332062
Thailand,THA,"Primary completion rate, total (% of relevant age group)",SE.PRM.CMPT.ZS,,,,,,,,93.4525528,93.42047119,94.41138458,95.06307983,94.78276825
Tajikistan,TJK,"Primary completion rate, total (% of relevant age group)",SE.PRM.CMPT.ZS,101.6947098,102.7377167,98.15614319,,99.51608276,101.0742493,95.38155365,94.91239166,,,,
Turkmenistan,TKM,"Primary completion rate, total (% of relevant age group)",SE.PRM.CMPT.ZS,,,,,,,,,,,,
Latin America & the Caribbean (IDA & IBRD countries),TLA,"Primary completion rate, total (% of relevant age group)",SE.PRM.CMPT.ZS,99.90862274,100.1242294,100.8053513,100.6178665,100.9921188,99.67260742,99.4992981,99.09114075,98.65292358,98.70761871,99.3955307,
Timor-Leste,TLS,"Primary completion rate, total (% of relevant age group)",SE.PRM.CMPT.ZS,75.05753326,78.77838898,83.2922287,88.83338928,93.34966278,100.0495224,99.26174927,99.89191437,103.8394852,105.1821365,101.2898636,
Middle East & North Africa (IDA & IBRD countries),TMN,"Primary completion rate, total (% of relevant age group)",SE.PRM.CMPT.ZS,89.3651123,90.39914703,92.17250824,89.57243347,89.82200623,89.50932312,89.46559143,89.17035675,90.42584991,91.91600037,92.74638367,
Tonga,TON,"Primary completion rate, total (% of relevant age group)",SE.PRM.CMPT.ZS,,,103.5684967,116.0971603,,,,,,,108.4460831,
South Asia (IDA & IBRD),TSA,"Primary completion rate, total (% of relevant age group)",SE.PRM.CMPT.ZS,87.38960266,86.95903778,89.01603699,90.6337738,92.09108734,92.46260071,91.89880371,91.26689911,90.04792786,90.21990967,92.23265839,
Sub-Saharan Africa (IDA & IBRD countries),TSS,"Primary completion rate, total (% of relevant age group)",SE.PRM.CMPT.ZS,67.94991302,67.76663971,67.97173309,67.93390656,68.06993103,68.25270081,68.70079803,69.24635315,70.16304016,70.56829834,71.22844696,
Trinidad and Tobago,TTO,"Primary completion rate, total (% of relevant age group)",SE.PRM.CMPT.ZS,94.93678284,,,,,,,,,,,
Tunisia,TUN,"Primary completion rate, total (% of relevant age group)",SE.PRM.CMPT.ZS,98.96885681,,,96.80471802,99.71772766,103.311409,99.01363373,95.0537796,,,106.4673386,104.7017365
Turkiye,TUR,"Primary completion rate, total (% of relevant age group)",SE.PRM.CMPT.ZS,98.97466278,101.2482376,99.8199234,93.88239288,91.39781952,92.23309326,126.7653275,89.74890137,88.52777863,90.84677124,93.57749176,
Tuvalu,TUV,"Primary completion rate, total (% of relevant age group)",SE.PRM.CMPT.ZS,,,,,86.97479248,91.70124054,84.77365875,,78.71485901,76.89243317,89.37007904,88.32685089
Tanzania,TZA,"Primary completion rate, total (% of relevant age group)",SE.PRM.CMPT.ZS,91.04519653,95.03222656,82.11129761,76.7352066,69.87106323,65.14202881,61.57209015,68.09828949,68.70372772,65.74707031,68.73860931,
Uganda,UGA,"Primary completion rate, total (% of relevant age group)",SE.PRM.CMPT.ZS,57.17232895,55.07318115,56.38832855,56.45769882,59.89649963,53.77228928,54.74301147,52.67176056,,,,
Ukraine,UKR,"Primary completion rate, total (% of relevant age group)",SE.PRM.CMPT.ZS,96.15622711,96.50829315,97.50717926,103.3503494,102.5925369,,,,,,,
Upper middle income,UMC,"Primary completion rate, total (% of relevant age group)",SE.PRM.CMPT.ZS,96.86290741,95.56736755,95.54991913,95.16429901,92.23258972,90.75855255,93.91268921,94.07975006,95.09771729,96.16596222,95.87510681,
Uruguay,URY,"Primary completion rate, total (% of relevant age group)",SE.PRM.CMPT.ZS,104.8093033,103.7869568,102.6577377,103.4294891,103.9037018,103.5109863,104.6961899,98.69988251,103.2246475,,102.6509476,
United States,USA,"Primary completion rate, total (% of relevant age group)",SE.PRM.CMPT.ZS,,,,,,,,98.8321991,100.0926971,100.4890518,100.9236679,
Uzbekistan,UZB,"Primary completion rate, total (% of relevant age group)",SE.PRM.CMPT.ZS,91.94624329,92.55310059,92.95034027,96.60858917,96.30272675,98.24262238,96.8192215,98.40358734,103.0236282,105.6226883,105.9979782,
St. Vincent and the Grenadines,VCT,"Primary completion rate, total (% of relevant age group)",SE.PRM.CMPT.ZS,93.84248352,88.33087158,101.7151794,111.1350174,103.0634613,99.39427185,98.73207855,92.71186066,105.5491333,104.9141464,115.630661,
"Venezuela, RB",VEN,"Primary completion rate, total (% of relevant age group)",SE.PRM.CMPT.ZS,93.87696838,95.17514038,96.32138824,96.05863953,96.83641052,96.11708832,94.05079651,92.58873749,,,,
British Virgin Islands,VGB,"Primary completion rate, total (% of relevant age group)",SE.PRM.CMPT.ZS,94.62103271,87.17340088,90.80460358,93.90518951,82.55033875,95.06726074,90.59632874,95.49762726,79.60688019,81.84143066,98.12332153,114.4475937
Virgin Islands (U.S.),VIR,"Primary completion rate, total (% of relevant age group)",SE.PRM.CMPT.ZS,,,,,,,,,,,,
Vietnam,VNM,"Primary completion rate, total (% of relevant age group)",SE.PRM.CMPT.ZS,,103.2278595,102.6396866,100.0165863,107.1828766,105.1644592,105.9639893,,110.0212097,,,
Vanuatu,VUT,"Primary completion rate, total (% of relevant age group)",SE.PRM.CMPT.ZS,83.6258316,,,91.6740036,89.28510284,,,,,89.78401947,94.18134308,
World,WLD,"Primary completion rate, total (% of relevant age group)",SE.PRM.CMPT.ZS,88.91130829,88.49230957,89.23522186,89.28034973,89.0545578,88.71501923,89.34526825,89.25736237,89.57498169,89.85733795,90.40921021,
Samoa,WSM,"Primary completion rate, total (% of relevant age group)",SE.PRM.CMPT.ZS,106.4866104,105.8823471,106.2442627,110.5581436,107.5236588,110.3240204,110.7065506,107.0685577,104.7818832,108.8711395,111.3558578,114.1693497
Kosovo,XKX,"Primary completion rate, total (% of relevant age group)",SE.PRM.CMPT.ZS,,,,,,,,,,,,
"Yemen, Rep.",YEM,"Primary completion rate, total (% of relevant age group)",SE.PRM.CMPT.ZS,65.44632721,,69.84921265,69.69535828,,,72.30039215,,,,,
South Africa,ZAF,"Primary completion rate, total (% of relevant age group)",SE.PRM.CMPT.ZS,,,,,,90.11048889,87.25533295,,90.34449768,91.99948883,,
Zambia,ZMB,"Primary completion rate, total (% of relevant age group)",SE.PRM.CMPT.ZS,98.03028107,,88.02960968,79.97387695,,,,,,,,
Zimbabwe,ZWE,"Primary completion rate, total (% of relevant age group)",SE.PRM.CMPT.ZS,,,97.09030914,98.49018097,97.80699921,100.6268311,99.26583862,95.47637177,92.19515228,88.50881195,90.01734924,84.81861877
